Workbook

Sheet explanation
A2: How to score
A4: Metric | B4: Description | C4: Scoring guidance (0–1) | D4: Applies to tools
A5: Relevance | B5: How relevant the returned papers/chunks/outputs are to the prompt. | C5: 1.0 = all returned items relevant; 0.7 ≈ 1 of 3 irrelevant; 0.3 = mostly irrelevant; 0 = wrong topic. | D5: recommend_relevant_papers, answer_general_question
A6: Grounding | B6: Whether the answer is supported by cited snippets/chunks from the indexed PDFs. | C6: 1.0 = clearly supported + cites correct sections; 0.5 = partially supported; 0 = hallucinated / no support. | D6: answer_general_question, query_paper_for_answer, verify_claim
A7: Correctness | B7: Factual/logic correctness relative to the papers (and claim direction for verify_claim). | C7: 1.0 = correct; 0.5 = mixed/unclear; 0 = incorrect. | D7: compare_papers, identify_research_gaps, generate_research_ideas, verify_claim
A8: Latency | B8: How responsive the tool feels (how fast it replies). note : lower latency generally indicates better performance, here we inverted the scale for easier aggregation with the other metrics | C8: 1.0 = <5s; 0.7 = 5–15s; 0.5 = 15–30s; 0.3 = 30-60s 0 = >60s. | D8: all

Sheet use cases
A1: UC# | B1: Topic / Prompt | C1: Expected behavior | D1: Primary tool(s) | E1: Secondary tool(s)
A2: 1 | B2: Which papers are relevant to topic cybersecurity risks? | C2: Return top 3–5 relevant papers with sensible ranking | D2: recommend_relevant_papers
A3: 2 | B3: Find papers related to citation recommendation / citation discovery. | C3: Return papers on citation recommendation, OpenAlex-related, scholarly search | D3: recommend_relevant_papers | E3: answer_general_question
A4: 3 | B4: In Paper A, what is the main contribution and evaluation setup? | C4: Answer with citations/snippets from intro/method/eval | D4: query_paper_for_answer
A5: 4 | B5: Across all uploaded papers: how do they define 'grounding'? | C5: Synthesize definitions; cite at least 2 papers | D5: answer_general_question | E5: compare_papers
A6: 5 | B6: Compare Paper A vs Paper B. | C6: Structured comparison, correct details | D6: compare_papers
A7: 6 | B7: Identify common limitations across the set (latency, evaluation, hallucinations). | C7: List limitations with supporting mentions where available | D7: identify_research_gaps | E7: answer_general_question
A8: 7 | B8: Generate 3 future work ideas grounded in limitations in the papers. | C8: Ideas should be specific, feasible, traceable to limitations | D8: generate_research_ideas | E8: identify_research_gaps
A9: 8 | B9: Verify claim: 'Switching embedding models did not affect retrieval quality.' | C9: Classify supported/contradicted/not addressed + cite evidence | D9: verify_claim | E9: answer_general_question
A10: 9 | B10: Verify claim: 'Sampling size affects the results.' | C10: Classify + cite | D10: verify_claim
A11: 10 | B11: Tell me theory about decision trees | C11: High-level amswer + cite relevant sections | D11: answer_general_question | E11: identify_research_gaps

Sheet metrics
A1: Results (manual scoring per use case)
A2: UC# | B2: Tool | C2: Metric: Relevance | D2: Metric: Grounding | E2: Metric: Correctness | F2: Metric: Latency | G2: Overall (avg) | H2: Evidence (paper/page/section)
A3: 1 | B3: recommend_relevant_papers | C3: 1 | D3: 1 | E3: 1 | F3: 0.7 | G3: =IF(COUNTA(C3:F3)=0,"",AVERAGE(C3:F3)) -> 0.925 | H3: All relevant
A4: 2 | B4: recommend_relevant_papers | C4: 1 | D4: 1 | E4: 0.9 | F4: 0.5 | G4: =IF(COUNTA(C4:F4)=0,"",AVERAGE(C4:F4)) -> 0.85 | H4: Top-3 relevant, 1 minor off-topic in Top-5
A5: 3 | B5: query_paper_for_answer | C5: 1 | D5: 1 | E5: 1 | F5: 0.5 | G5: =IF(COUNTA(C5:F5)=0,"",AVERAGE(C5:F5)) -> 0.875 | H5: Cited intro/method sections; correct summary
A6: 4 | B6: answer_general_question | C6: 0.8 | D6: 0.5 | E6: 1 | F6: 0.7 | G6: =IF(COUNTA(C6:F6)=0,"",AVERAGE(C6:F6)) -> 0.75 | H6: Cites 2+ papers, some synthesis high-level
A7: 5 | B7: compare_papers | C7: 1 | D7: 1 | E7: 1 | F7: 0.3 | G7: =IF(COUNTA(C7:F7)=0,"",AVERAGE(C7:F7)) -> 0.825 | H7: Correct high-level comparison with table
A8: 6 | B8: identify_research_gaps | C8: 1 | D8: 0.8 | E8: 0.7 | F8: 0.3 | G8: =IF(COUNTA(C8:F8)=0,"",AVERAGE(C8:F8)) -> 0.7 | H8: Findings align with papers' limitations sections
A9: 7 | B9: generate_research_ideas | C9: 0.8 | D9: 0.5 | E9: 0.8 | F9: 0.5 | G9: =IF(COUNTA(C9:F9)=0,"",AVERAGE(C9:F9)) -> 0.65 | H9: Ideas good, partial grounding
A10: 8 | B10: verify_claim | C10: 1 | D10: 1 | E10: 1 | F10: 0.5 | G10: =IF(COUNTA(C10:F10)=0,"",AVERAGE(C10:F10)) -> 0.875 | H10: sometimes uncertain
A11: 9 | B11: verify_claim | C11: 1 | D11: 1 | E11: 1 | F11: 0.5 | G11: =IF(COUNTA(C11:F11)=0,"",AVERAGE(C11:F11)) -> 0.875 | H11: Everything correct
A12: 10 | B12: answer_general_question | C12: 1 | D12: 1 | E12: 1 | F12: 1 | G12: =IF(COUNTA(C12:F12)=0,"",AVERAGE(C12:F12)) -> 1 | H12: Cites 2+ papers, good answer

Sheet resulst
A1: Tool | B1: N | C1: Avg Relevance | D1: Avg Grounding | E1: Avg Correctness | F1: Avg Latency | G1: Avg Overall
A2: recommend_relevant_papers | B2: =COUNTIF(metrics!$B$3:$B$200,A2) -> 2 | C2: =IF(B2=0,"",AVERAGEIF(metrics!$B$3:$B$200,A2,metrics!$C$3:$C$200)) -> 1 | D2: =IF(B2=0,"",AVERAGEIF(metrics!$B$3:$B$200,A2,metrics!$D$3:$D$200)) -> 1 | E2: =IF(B2=0,"",AVERAGEIF(metrics!$B$3:$B$200,A2,metrics!$E$3:$E$200)) -> 0.95 | F2: =IF(B2=0,"",AVERAGEIF(metrics!$B$3:$B$200,A2,metrics!$F$3:$F$200)) -> 0.6 | G2: =IF(B2=0,"",AVERAGEIF(metrics!$B$3:$B$200,A2,metrics!$G$3:$G$200)) -> 0.8875
A3: answer_general_question | B3: =COUNTIF(metrics!$B$3:$B$200,A3) -> 2 | C3: =IF(B3=0,"",AVERAGEIF(metrics!$B$3:$B$200,A3,metrics!$C$3:$C$200)) -> 0.9 | D3: =IF(B3=0,"",AVERAGEIF(metrics!$B$3:$B$200,A3,metrics!$D$3:$D$200)) -> 0.75 | E3: =IF(B3=0,"",AVERAGEIF(metrics!$B$3:$B$200,A3,metrics!$E$3:$E$200)) -> 1 | F3: =IF(B3=0,"",AVERAGEIF(metrics!$B$3:$B$200,A3,metrics!$F$3:$F$200)) -> 0.85 | G3: =IF(B3=0,"",AVERAGEIF(metrics!$B$3:$B$200,A3,metrics!$G$3:$G$200)) -> 0.875
A4: query_paper_for_answer | B4: =COUNTIF(metrics!$B$3:$B$200,A4) -> 1 | C4: =IF(B4=0,"",AVERAGEIF(metrics!$B$3:$B$200,A4,metrics!$C$3:$C$200)) -> 1 | D4: =IF(B4=0,"",AVERAGEIF(metrics!$B$3:$B$200,A4,metrics!$D$3:$D$200)) -> 1 | E4: =IF(B4=0,"",AVERAGEIF(metrics!$B$3:$B$200,A4,metrics!$E$3:$E$200)) -> 1 | F4: =IF(B4=0,"",AVERAGEIF(metrics!$B$3:$B$200,A4,metrics!$F$3:$F$200)) -> 0.5 | G4: =IF(B4=0,"",AVERAGEIF(metrics!$B$3:$B$200,A4,metrics!$G$3:$G$200)) -> 0.875
A5: compare_papers | B5: =COUNTIF(metrics!$B$3:$B$200,A5) -> 1 | C5: =IF(B5=0,"",AVERAGEIF(metrics!$B$3:$B$200,A5,metrics!$C$3:$C$200)) -> 1 | D5: =IF(B5=0,"",AVERAGEIF(metrics!$B$3:$B$200,A5,metrics!$D$3:$D$200)) -> 1 | E5: =IF(B5=0,"",AVERAGEIF(metrics!$B$3:$B$200,A5,metrics!$E$3:$E$200)) -> 1 | F5: =IF(B5=0,"",AVERAGEIF(metrics!$B$3:$B$200,A5,metrics!$F$3:$F$200)) -> 0.3 | G5: =IF(B5=0,"",AVERAGEIF(metrics!$B$3:$B$200,A5,metrics!$G$3:$G$200)) -> 0.825
A6: identify_research_gaps | B6: =COUNTIF(metrics!$B$3:$B$200,A6) -> 1 | C6: =IF(B6=0,"",AVERAGEIF(metrics!$B$3:$B$200,A6,metrics!$C$3:$C$200)) -> 1 | D6: =IF(B6=0,"",AVERAGEIF(metrics!$B$3:$B$200,A6,metrics!$D$3:$D$200)) -> 0.8 | E6: =IF(B6=0,"",AVERAGEIF(metrics!$B$3:$B$200,A6,metrics!$E$3:$E$200)) -> 0.7 | F6: =IF(B6=0,"",AVERAGEIF(metrics!$B$3:$B$200,A6,metrics!$F$3:$F$200)) -> 0.3 | G6: =IF(B6=0,"",AVERAGEIF(metrics!$B$3:$B$200,A6,metrics!$G$3:$G$200)) -> 0.7
A7: generate_research_ideas | B7: =COUNTIF(metrics!$B$3:$B$200,A7) -> 1 | C7: =IF(B7=0,"",AVERAGEIF(metrics!$B$3:$B$200,A7,metrics!$C$3:$C$200)) -> 0.8 | D7: =IF(B7=0,"",AVERAGEIF(metrics!$B$3:$B$200,A7,metrics!$D$3:$D$200)) -> 0.5 | E7: =IF(B7=0,"",AVERAGEIF(metrics!$B$3:$B$200,A7,metrics!$E$3:$E$200)) -> 0.8 | F7: =IF(B7=0,"",AVERAGEIF(metrics!$B$3:$B$200,A7,metrics!$F$3:$F$200)) -> 0.5 | G7: =IF(B7=0,"",AVERAGEIF(metrics!$B$3:$B$200,A7,metrics!$G$3:$G$200)) -> 0.65
A8: verify_claim | B8: =COUNTIF(metrics!$B$3:$B$200,A8) -> 2 | C8: =IF(B8=0,"",AVERAGEIF(metrics!$B$3:$B$200,A8,metrics!$C$3:$C$200)) -> 1 | D8: =IF(B8=0,"",AVERAGEIF(metrics!$B$3:$B$200,A8,metrics!$D$3:$D$200)) -> 1 | E8: =IF(B8=0,"",AVERAGEIF(metrics!$B$3:$B$200,A8,metrics!$E$3:$E$200)) -> 1 | F8: =IF(B8=0,"",AVERAGEIF(metrics!$B$3:$B$200,A8,metrics!$F$3:$F$200)) -> 0.5 | G8: =IF(B8=0,"",AVERAGEIF(metrics!$B$3:$B$200,A8,metrics!$G$3:$G$200)) -> 0.875
A11: Overall system score (avg of all Overall entries): | B11: =IFERROR(AVERAGE(metrics!$G$3:$G$12),"") -> 0.8325
A12: Interpretation guide: | B12: ≥0.80: works very well, 0.60–0.79: works with limitations, <0.60: needs significant improvements.
